Time,Team,Half,Outcome,Pass Height,Action Type,X,Y,X2,Y2,match_id,Group,Team_name,Opponent,Condition,Format,start_xT,end_xT,xT_added,start_zone,end_zone,score_diff,score_state,success,positive_xt,Transition
03:46.5,Team1,1,Successful,Low,Pass,-23.64,20.79,-9.45,23.86,BB1_Team1-Team2(1),BB1,Team1,Team2,Bio-banding,7v7,0.00878589,0.01126267,0.0024767800000000013,Defensive,Middle,0,Drawing,1,1,Defensive->Middle
03:50.5,Team1,1,Unsuccessful,Low,Pass,-0.3,23.4,14.53,21.31,BB1_Team1-Team2(1),BB1,Team1,Team2,Bio-banding,7v7,,,,Middle,Attacking,0,Drawing,0,0,Middle->Attacking
03:54.4,Team1,1,Successful,Low,Pass,-17.1,11.18,15.84,17.78,BB1_Team1-Team2(1),BB1,Team1,Team2,Bio-banding,7v7,0.01110462,0.024015210000000002,0.012910590000000001,Defensive,Attacking,0,Drawing,1,1,Defensive->Attacking
03:56.9,Team1,1,Successful,Low,Pass,16.82,16.54,28.06,11.24,BB1_Team1-Team2(1),BB1,Team1,Team2,Bio-banding,7v7,0.024015210000000002,0.05491138,0.03089617,Attacking,Attacking,0,Drawing,1,1,Attacking->Attacking
04:04.9,Team1,1,Unsuccessful,Low,Shot,27.8,5.69,33.36,0.07,BB1_Team1-Team2(1),BB1,Team1,Team2,Bio-banding,7v7,,,,Attacking,Attacking,0,Drawing,0,0,Attacking->Attacking
04:07.9,Team1,1,Unsuccessful,Low,Pass,-8.15,9.81,-23.83,0.66,BB1_Team1-Team2(1),BB1,Team1,Team2,Bio-banding,7v7,,,,Middle,Defensive,0,Drawing,0,0,Middle->Defensive
04:10.1,Team1,1,Successful,Low,Pass,-23.83,0.66,-14.29,1.05,BB1_Team1-Team2(1),BB1,Team1,Team2,Bio-banding,7v7,0.01082722,0.01132376,0.0004965400000000002,Defensive,Defensive,0,Drawing,1,1,Defensive->Defensive
04:11.4,Team1,1,Successful,Low,Pass,-14.29,1.05,-2.39,-3.53,BB1_Team1-Team2(1),BB1,Team1,Team2,Bio-banding,7v7,0.01132376,0.01484598,0.0035222199999999995,Defensive,Middle,0,Drawing,1,1,Defensive->Middle
04:14.9,Team1,1,Successful,Low,Pass,-20.11,-9.8,-7.56,-5.94,BB1_Team1-Team2(1),BB1,Team1,Team2,Bio-banding,7v7,0.01001304,0.01262646,0.00261342,Defensive,Middle,0,Drawing,1,1,Defensive->Middle
04:44.2,Team1,1,Unsuccessful,Low,Pass,-7.88,-5.76,-23.64,0.26,BB1_Team1-Team2(1),BB1,Team1,Team2,Bio-banding,7v7,,,,Middle,Defensive,0,Drawing,0,0,Middle->Defensive
05:14.0,Team1,1,Successful,Low,Pass,-23.64,0.26,4.08,-15.36,BB1_Team1-Team2(1),BB1,Team1,Team2,Bio-banding,7v7,0.01082722,0.01611813,0.005290910000000001,Defensive,Middle,0,Drawing,1,1,Defensive->Middle
05:28.8,Team1,1,Successful,Low,Pass,4.08,-15.36,12.44,-12.03,BB1_Team1-Team2(1),BB1,Team1,Team2,Bio-banding,7v7,0.01611813,0.0241224,0.008004269999999997,Middle,Attacking,0,Drawing,1,1,Middle->Attacking
05:32.4,Team1,1,Successful,Low,Pass,12.51,-11.98,10.87,10.83,BB1_Team1-Team2(1),BB1,Team1,Team2,Bio-banding,7v7,0.0241224,0.01935132,-0.004771079999999997,Attacking,Middle,0,Drawing,1,0,Attacking->Middle
05:39.1,Team1,1,Unsuccessful,Low,Pass,6.04,6.85,15.06,-7.27,BB1_Team1-Team2(1),BB1,Team1,Team2,Bio-banding,7v7,,,,Middle,Attacking,0,Drawing,0,0,Middle->Attacking
05:43.0,Team1,1,Successful,Low,Pass,-1.15,-22.43,25.12,-18.58,BB1_Team1-Team2(1),BB1,Team1,Team2,Bio-banding,7v7,0.01248344,0.04066992,0.02818648,Middle,Attacking,0,Drawing,1,1,Middle->Attacking
11:09.1,Team1,2,Successful,Low,Pass,-11.61,-19.23,6.69,-7.14,BB1_Team1-Team2(1),BB1,Team1,Team2,Bio-banding,7v7,0.01214719,0.01935132,0.007204130000000001,Middle,Middle,0,Drawing,1,1,Middle->Middle
11:12.2,Team1,2,Successful,Low,Pass,-20.24,-9.82,-23.77,0.51,BB1_Team1-Team2(1),BB1,Team1,Team2,Bio-banding,7v7,0.01001304,0.01082722,0.0008141799999999994,Defensive,Defensive,0,Drawing,1,1,Defensive->Defensive
11:43.3,Team1,2,Successful,Low,Pass,-23.37,0.77,-22.65,-23.15,BB1_Team1-Team2(1),BB1,Team1,Team2,Bio-banding,7v7,0.01082722,0.008448540000000001,-0.0023786799999999993,Defensive,Defensive,0,Drawing,1,0,Defensive->Defensive
11:46.7,Team1,2,Successful,Low,Pass,-17.62,-22.83,7.54,-22.57,BB1_Team1-Team2(1),BB1,Team1,Team2,Bio-banding,7v7,0.008448540000000001,0.0174506,0.00900206,Defensive,Middle,0,Drawing,1,1,Defensive->Middle
11:50.9,Opponent,2,Successful,High,Shot,-17.88,7.25,-33.44,1.89,BB1_Team1-Team2(1),BB1,Team1,Team2,Bio-banding,7v7,0.01001304,0.00941056,-0.0006024800000000007,Defensive,Defensive,0,Drawing,1,0,Defensive->Defensive
11:53.1,Team1,2,Successful,Low,Pass,-9.06,0.71,-14.29,15.42,BB1_Team1-Team2(1),BB1,Team1,Team2,Bio-banding,7v7,0.01262646,0.010594899999999999,-0.0020315600000000017,Middle,Defensive,-1,Trailing,1,0,Middle->Defensive
12:18.1,Team1,2,Successful,Low,Pass,-14.29,15.42,-26.32,10.58,BB1_Team1-Team2(1),BB1,Team1,Team2,Bio-banding,7v7,0.010594899999999999,0.00977745,-0.0008174499999999991,Defensive,Defensive,-1,Trailing,1,0,Defensive->Defensive
12:19.2,Team1,2,Unsuccessful,Low,Pass,-26.32,10.51,-23.7,1.1,BB1_Team1-Team2(1),BB1,Team1,Team2,Bio-banding,7v7,,,,Defensive,Defensive,-1,Trailing,0,0,Defensive->Defensive
16:01.2,Team1,2,Successful,Low,Pass,-6.32,-11.26,20.09,-8.38,BB1_Team1-Team2(1),BB1,Team1,Team2,Bio-banding,7v7,0.01269174,0.02855202,0.01586028,Middle,Attacking,-1,Trailing,1,1,Middle->Attacking
16:03.6,Team1,2,Successful,High,Shot,25.71,-5.63,33.68,-0.21,BB1_Team1-Team2(1),BB1,Team1,Team2,Bio-banding,7v7,0.10805102,0.25745362,0.1494026,Attacking,Attacking,-1,Trailing,1,1,Attacking->Attacking
16:08.5,Opponent,2,Successful,Low,Shot,-21.54,-17.98,-33.31,0.32,BB1_Team1-Team2(1),BB1,Team1,Team2,Bio-banding,7v7,0.00942382,0.00941056,-1.3259999999999314e-05,Defensive,Defensive,0,Drawing,1,0,Defensive->Defensive
16:20.7,Team1,2,Successful,Low,Pass,0.22,9.27,5.71,25.42,BB1_Team1-Team2(1),BB1,Team1,Team2,Bio-banding,7v7,0.01685596,0.014735960000000001,-0.0021199999999999986,Middle,Middle,-1,Trailing,1,0,Middle->Middle
16:23.9,Team1,2,Successful,Low,Pass,5.84,25.22,24.73,25.15,BB1_Team1-Team2(1),BB1,Team1,Team2,Bio-banding,7v7,0.0174506,0.03485072,0.01740012,Middle,Attacking,-1,Trailing,1,1,Middle->Attacking
16:27.4,Team1,2,Unsuccessful,Low,Pass,25.32,24.57,32.05,10.78,BB1_Team1-Team2(1),BB1,Team1,Team2,Bio-banding,7v7,,,,Attacking,Attacking,-1,Trailing,0,0,Attacking->Attacking
01:33.8,Team1,1,Successful,Low,Pass,-20.76,23.99,-4.81,23.99,BB1_Team1-Team2(2),BB1,Team1,Team2,Bio-banding,7v7,0.008448540000000001,0.01248344,0.004034899999999999,Defensive,Middle,0,Drawing,1,1,Defensive->Middle
01:38.3,Team1,1,Unsuccessful,Low,Pass,-0.63,26.93,18.59,26.28,BB1_Team1-Team2(2),BB1,Team1,Team2,Bio-banding,7v7,,,,Middle,Attacking,0,Drawing,0,0,Middle->Attacking
01:53.5,Team1,1,Successful,Low,Pass,18.85,23.14,27.28,11.31,BB1_Team1-Team2(2),BB1,Team1,Team2,Bio-banding,7v7,0.02756312,0.05491138,0.027348260000000003,Attacking,Attacking,0,Drawing,1,1,Attacking->Attacking
01:57.8,Team1,1,Successful,Low,Pass,0.29,1.44,8.33,22.88,BB1_Team1-Team2(2),BB1,Team1,Team2,Bio-banding,7v7,0.01689528,0.0174506,0.0005553200000000015,Middle,Middle,0,Drawing,1,1,Middle->Middle
02:01.7,Team1,1,Unsuccessful,Low,Pass,26.36,10.19,17.28,0.85,BB1_Team1-Team2(2),BB1,Team1,Team2,Bio-banding,7v7,,,,Attacking,Attacking,0,Drawing,0,0,Attacking->Attacking
02:15.9,Team1,1,Successful,Low,Pass,-15.27,10.58,-24.09,0.52,BB1_Team1-Team2(2),BB1,Team1,Team2,Bio-banding,7v7,0.01110462,0.01082722,-0.00027740000000000056,Defensive,Defensive,0,Drawing,1,0,Defensive->Defensive
02:22.9,Team1,1,Successful,Low,Pass,-24.22,0.26,-3.44,-0.33,BB1_Team1-Team2(2),BB1,Team1,Team2,Bio-banding,7v7,0.01082722,0.01484598,0.00401876,Defensive,Middle,0,Drawing,1,1,Defensive->Middle
03:09.5,Team1,1,Unsuccessful,Low,Pass,-3.37,-0.66,-4.35,15.22,BB1_Team1-Team2(2),BB1,Team1,Team2,Bio-banding,7v7,,,,Middle,Middle,0,Drawing,0,0,Middle->Middle
03:15.5,Team1,1,Successful,Low,Pass,-3.83,14.37,15.65,7.38,BB1_Team1-Team2(2),BB1,Team1,Team2,Bio-banding,7v7,0.013845399999999999,0.0241224,0.010277,Middle,Attacking,0,Drawing,1,1,Middle->Attacking
03:27.0,Team1,1,Successful,Low,Pass,-12.39,-18.7,10.55,-12.23,BB1_Team1-Team2(2),BB1,Team1,Team2,Bio-banding,7v7,0.010594899999999999,0.01935132,0.008756420000000003,Defensive,Middle,0,Drawing,1,1,Defensive->Middle
03:29.0,Team1,1,Successful,Low,Pass,-13.05,-0.27,-22.0,0.13,BB1_Team1-Team2(2),BB1,Team1,Team2,Bio-banding,7v7,0.01132376,0.010165490000000001,-0.0011582699999999994,Defensive,Defensive,0,Drawing,1,0,Defensive->Defensive
04:00.3,Team1,1,Successful,Low,Pass,-22.92,0.39,-10.76,-11.51,BB1_Team1-Team2(2),BB1,Team1,Team2,Bio-banding,7v7,0.010165490000000001,0.01269174,0.002526249999999999,Defensive,Middle,0,Drawing,1,1,Defensive->Middle
04:01.4,Team1,1,Successful,Low,Pass,-10.96,-11.12,-9.39,-22.29,BB1_Team1-Team2(2),BB1,Team1,Team2,Bio-banding,7v7,0.01269174,0.01126267,-0.0014290699999999993,Middle,Middle,0,Drawing,1,0,Middle->Middle
05:01.0,Team1,1,Successful,Low,Shot,26.3,-2.02,33.36,-0.85,BB1_Team1-Team2(2),BB1,Team1,Team2,Bio-banding,7v7,0.10805102,0.25745362,0.1494026,Attacking,Attacking,0,Drawing,1,1,Attacking->Attacking
05:01.8,Team1,1,Successful,Low,Pass,2.12,-24.9,18.65,-24.44,BB1_Team1-Team2(2),BB1,Team1,Team2,Bio-banding,7v7,0.014735960000000001,0.02756312,0.012827159999999999,Middle,Attacking,1,Leading,1,1,Middle->Attacking
11:10.7,Team1,2,Successful,Low,Pass,21.2,-23.26,31.07,-6.14,BB1_Team1-Team2(2),BB1,Team1,Team2,Bio-banding,7v7,0.02756312,0.25745362,0.2298905,Attacking,Attacking,1,Leading,1,1,Attacking->Attacking
11:41.5,Team1,2,Unsuccessful,Low,Pass,-16.64,-17.84,-31.61,-23.79,BB1_Team1-Team2(2),BB1,Team1,Team2,Bio-banding,7v7,,,,Defensive,Defensive,1,Leading,0,0,Defensive->Defensive
11:43.9,Team1,2,Successful,Low,Pass,-31.41,-23.46,-20.43,-5.68,BB1_Team1-Team2(2),BB1,Team1,Team2,Bio-banding,7v7,0.0063830300000000005,0.010165490000000001,0.0037824600000000005,Defensive,Defensive,1,Leading,1,1,Defensive->Defensive
11:58.2,Opponent,2,Successful,Low,Shot,-17.16,11.7,-33.83,0.26,BB1_Team1-Team2(2),BB1,Team1,Team2,Bio-banding,7v7,0.01110462,0.00941056,-0.0016940600000000007,Defensive,Defensive,1,Leading,1,0,Defensive->Defensive
12:02.6,Opponent,2,Successful,High,Shot,-24.94,2.75,-33.57,0.2,BB1_Team1-Team2(2),BB1,Team1,Team2,Bio-banding,7v7,0.01082722,0.00941056,-0.0014166600000000001,Defensive,Defensive,0,Drawing,1,0,Defensive->Defensive
12:32.0,Team1,2,Successful,Low,Pass,-9.13,0.38,-12.65,13.25,BB1_Team1-Team2(2),BB1,Team1,Team2,Bio-banding,7v7,0.01262646,0.01110462,-0.00152184,Middle,Defensive,-1,Trailing,1,0,Middle->Defensive
12:36.6,Team1,2,Successful,Low,Pass,-12.79,13.84,0.16,9.72,BB1_Team1-Team2(2),BB1,Team1,Team2,Bio-banding,7v7,0.01110462,0.01685596,0.005751339999999999,Defensive,Middle,-1,Trailing,1,1,Defensive->Middle
12:38.1,Team1,2,Unsuccessful,Low,Pass,0.09,9.66,11.07,-0.67,BB1_Team1-Team2(2),BB1,Team1,Team2,Bio-banding,7v7,,,,Middle,Middle,-1,Trailing,0,0,Middle->Middle
12:40.8,Team1,2,Successful,Low,Pass,11.46,-0.82,18.0,16.24,BB1_Team1-Team2(2),BB1,Team1,Team2,Bio-banding,7v7,0.019970699999999997,0.029532720000000002,0.009562020000000004,Middle,Attacking,-1,Trailing,1,1,Middle->Attacking
12:45.7,Team1,2,Successful,High,Pass,18.19,16.24,27.35,23.63,BB1_Team1-Team2(2),BB1,Team1,Team2,Bio-banding,7v7,0.029532720000000002,0.03485072,0.005318,Attacking,Attacking,-1,Trailing,1,1,Attacking->Attacking
12:48.0,Team1,2,Successful,Low,Pass,27.67,23.04,31.72,10.69,BB1_Team1-Team2(2),BB1,Team1,Team2,Bio-banding,7v7,0.03485072,0.06442595,0.029575229999999994,Attacking,Attacking,-1,Trailing,1,1,Attacking->Attacking
15:36.4,Team1,2,Successful,Low,Shot,26.04,5.34,34.08,1.35,BB1_Team1-Team2(2),BB1,Team1,Team2,Bio-banding,7v7,0.10805102,0.25745362,0.1494026,Attacking,Attacking,-1,Trailing,1,1,Attacking->Attacking
15:40.3,Team1,2,Successful,Low,Pass,-10.82,20.43,-24.55,20.17,BB1_Team1-Team2(2),BB1,Team1,Team2,Bio-banding,7v7,0.01214719,0.00878589,-0.003361300000000001,Middle,Defensive,0,Drawing,1,0,Middle->Defensive
16:05.2,Team1,2,Successful,Low,Pass,-24.55,20.17,-23.18,3.51,BB1_Team1-Team2(2),BB1,Team1,Team2,Bio-banding,7v7,0.00878589,0.010165490000000001,0.0013796000000000017,Defensive,Defensive,0,Drawing,1,1,Defensive->Defensive
00:12.9,Team1,1,Successful,Low,Pass,-33.43,-3.81,-19.18,-13.14,BB2_Team1-Team3,BB2,Team1,Team3,Bio-banding,11v11,0.010165490000000001,0.01110462,0.0009391299999999998,Defensive,Defensive,0,Drawing,1,1,Defensive->Defensive
04:06.4,Team1,1,Successful,Low,Pass,-20.09,8.69,-7.76,14.44,BB2_Team1-Team3,BB2,Team1,Team3,Bio-banding,11v11,0.01110462,0.01429128,0.003186659999999999,Defensive,Middle,0,Drawing,1,1,Defensive->Middle
04:09.5,Team1,1,Unsuccessful,Low,Pass,-40.76,-0.89,5.66,-18.56,BB2_Team1-Team3,BB2,Team1,Team3,Bio-banding,11v11,,,,Defensive,Middle,0,Drawing,0,0,Defensive->Middle
04:12.0,Team1,1,Successful,Low,Pass,-19.09,-22.64,22.16,-9.73,BB2_Team1-Team3,BB2,Team1,Team3,Bio-banding,11v11,0.010594899999999999,0.0241224,0.0135275,Defensive,Attacking,0,Drawing,1,1,Defensive->Attacking
04:18.5,Team1,1,Successful,Low,Pass,-14.84,1.94,2.82,1.94,BB2_Team1-Team3,BB2,Team1,Team3,Bio-banding,11v11,0.01262646,0.01689528,0.004268819999999998,Middle,Middle,0,Drawing,1,1,Middle->Middle
05:48.5,Team1,1,Unsuccessful,Low,Pass,-6.01,27.36,19.49,23.27,BB2_Team1-Team3,BB2,Team1,Team3,Bio-banding,11v11,,,,Middle,Attacking,0,Drawing,0,0,Middle->Attacking
05:50.8,Team1,1,Successful,Low,Pass,28.07,-0.89,33.49,13.36,BB2_Team1-Team3,BB2,Team1,Team3,Bio-banding,11v11,0.03511326,0.02855202,-0.0065612399999999994,Attacking,Attacking,0,Drawing,1,0,Attacking->Attacking
05:54.1,Team1,1,Successful,Low,Pass,29.24,-8.23,44.57,-16.23,BB2_Team1-Team3,BB2,Team1,Team3,Bio-banding,11v11,0.03511326,0.06442595,0.029312689999999995,Attacking,Attacking,0,Drawing,1,1,Attacking->Attacking
05:57.0,Team1,1,Successful,Low,Pass,41.74,-1.89,51.57,0.11,BB2_Team1-Team3,BB2,Team1,Team3,Bio-banding,11v11,0.10805102,0.25745362,0.1494026,Attacking,Attacking,0,Drawing,1,1,Attacking->Attacking
06:00.2,Team1,1,Successful,Low,Shot,-29.68,19.28,-40.68,11.36,BB2_Team1-Team3,BB2,Team1,Team3,Bio-banding,11v11,0.00942382,0.00977745,0.0003536300000000006,Defensive,Defensive,0,Drawing,1,1,Defensive->Defensive
06:16.1,Team1,1,Successful,Low,Pass,-42.26,9.95,-28.18,2.45,BB2_Team1-Team3,BB2,Team1,Team3,Bio-banding,11v11,0.00977745,0.010165490000000001,0.00038804000000000095,Defensive,Defensive,1,Leading,1,1,Defensive->Defensive
08:18.6,Team1,1,Successful,Low,Pass,-27.43,2.11,-18.76,0.53,BB2_Team1-Team3,BB2,Team1,Team3,Bio-banding,11v11,0.010165490000000001,0.01132376,0.0011582699999999994,Defensive,Defensive,1,Leading,1,1,Defensive->Defensive
08:22.0,Team1,1,Successful,Low,Pass,-34.68,-11.55,-42.26,0.95,BB2_Team1-Team3,BB2,Team1,Team3,Bio-banding,11v11,0.01001304,0.01082722,0.0008141799999999994,Defensive,Defensive,1,Leading,1,1,Defensive->Defensive
19:01.7,Team1,1,Successful,Low,Pass,-42.18,1.53,-39.76,-24.22,BB2_Team1-Team3,BB2,Team1,Team3,Bio-banding,11v11,0.01082722,0.00878589,-0.002041330000000001,Defensive,Defensive,1,Leading,1,0,Defensive->Defensive
19:04.8,Team1,1,Unsuccessful,Low,Pass,-37.76,-24.57,-14.68,-26.24,BB2_Team1-Team3,BB2,Team1,Team3,Bio-banding,11v11,,,,Defensive,Middle,1,Leading,0,0,Defensive->Middle
19:07.0,Team1,2,Successful,Low,Pass,-2.26,-20.66,8.66,0.01,BB2_Team1-Team3,BB2,Team1,Team3,Bio-banding,11v11,0.013845399999999999,0.01689528,0.0030498799999999996,Middle,Middle,1,Leading,1,1,Middle->Middle
19:08.5,Team1,2,Successful,Low,Pass,8.74,1.18,26.07,13.34,BB2_Team1-Team3,BB2,Team1,Team3,Bio-banding,11v11,0.01689528,0.0241224,0.00722712,Middle,Attacking,1,Leading,1,1,Middle->Attacking
19:11.2,Team1,2,Successful,Low,Pass,37.32,14.44,51.41,0.69,BB2_Team1-Team3,BB2,Team1,Team3,Bio-banding,11v11,0.05491138,0.25745362,0.20254223999999998,Attacking,Attacking,1,Leading,1,1,Attacking->Attacking
19:13.6,Team1,2,Successful,Low,Shot,46.57,11.19,52.07,3.69,BB2_Team1-Team3,BB2,Team1,Team3,Bio-banding,11v11,0.06442595,0.25745362,0.19302766999999998,Attacking,Attacking,1,Leading,1,1,Attacking->Attacking
19:19.7,Opponent,2,Successful,High,Shot,-41.84,7.18,-51.09,1.68,BB2_Team1-Team3,BB2,Team1,Team3,Bio-banding,11v11,0.01082722,0.00941056,-0.0014166600000000001,Defensive,Defensive,2,Leading,1,0,Defensive->Defensive
19:22.5,Team1,2,Successful,Low,Shot,-9.18,-1.08,-28.34,8.34,BB2_Team1-Team3,BB2,Team1,Team3,Bio-banding,11v11,0.01262646,0.010165490000000001,-0.00246097,Middle,Defensive,1,Leading,1,0,Middle->Defensive
19:25.5,Team1,2,Successful,Low,Pass,-28.34,8.34,-9.43,21.34,BB2_Team1-Team3,BB2,Team1,Team3,Bio-banding,11v11,0.010165490000000001,0.01214719,0.0019816999999999994,Defensive,Middle,2,Leading,1,1,Defensive->Middle
19:26.7,Team1,2,Unsuccessful,Low,Pass,1.91,17.34,17.24,1.17,BB2_Team1-Team3,BB2,Team1,Team3,Bio-banding,11v11,,,,Middle,Middle,2,Leading,0,0,Middle->Middle
20:03.4,Team1,2,Successful,Low,Pass,19.99,-0.08,40.49,0.75,BB2_Team1-Team3,BB2,Team1,Team3,Bio-banding,11v11,0.02385149,0.10805102,0.08419953,Attacking,Attacking,2,Leading,1,1,Attacking->Attacking
20:05.3,Team1,2,Successful,High,Pass,18.82,-1.91,27.91,-23.41,BB2_Team1-Team3,BB2,Team1,Team3,Bio-banding,11v11,0.02385149,0.029532720000000002,0.005681230000000002,Attacking,Attacking,2,Leading,1,1,Attacking->Attacking
20:06.9,Team1,2,Unsuccessful,Low,Pass,20.24,-23.49,40.07,-17.58,BB2_Team1-Team3,BB2,Team1,Team3,Bio-banding,11v11,,,,Attacking,Attacking,2,Leading,0,0,Attacking->Attacking
20:09.9,Team1,2,Successful,Low,Pass,-2.93,-24.83,-21.26,-17.83,BB2_Team1-Team3,BB2,Team1,Team3,Bio-banding,11v11,0.013845399999999999,0.010594899999999999,-0.0032505,Middle,Defensive,2,Leading,1,0,Middle->Defensive
20:15.8,Team1,2,Successful,Low,Pass,-20.84,-17.66,-6.76,-7.66,BB2_Team1-Team3,BB2,Team1,Team3,Bio-banding,11v11,0.010594899999999999,0.01484598,0.004251080000000001,Defensive,Middle,2,Leading,1,1,Defensive->Middle
20:17.8,Opponent,2,Successful,Low,Shot,-45.68,-7.57,-51.09,-1.32,BB2_Team1-Team3,BB2,Team1,Team3,Bio-banding,11v11,0.00941056,0.00941056,0.0,Defensive,Defensive,2,Leading,1,0,Defensive->Defensive
00:19.1,Team2,1,Successful,Low,Pass,-31.93,2.78,-20.09,17.78,BB3_Team2-Team1,BB3,Team2,Team1,Bio-banding,11v11,0.010165490000000001,0.010594899999999999,0.0004294099999999981,Defensive,Defensive,0,Drawing,1,1,Defensive->Defensive
00:20.7,Team2,1,Successful,Low,Pass,-23.93,-5.8,-1.43,-10.55,BB3_Team2-Team1,BB3,Team2,Team1,Bio-banding,11v11,0.01132376,0.01429128,0.0029675199999999995,Defensive,Middle,0,Drawing,1,1,Defensive->Middle
00:49.9,Team2,1,Successful,Low,Pass,-11.76,3.78,16.91,6.2,BB3_Team2-Team1,BB3,Team2,Team1,Bio-banding,11v11,0.01262646,0.019970699999999997,0.007344239999999997,Middle,Middle,0,Drawing,1,1,Middle->Middle
00:53.8,Team2,1,Successful,Low,Pass,-5.51,19.2,22.16,11.12,BB3_Team2-Team1,BB3,Team2,Team1,Bio-banding,11v11,0.013845399999999999,0.0241224,0.010277,Middle,Attacking,0,Drawing,1,1,Middle->Attacking
01:11.4,Team2,1,Unsuccessful,Low,Pass,24.16,-10.05,38.24,5.87,BB3_Team2-Team1,BB3,Team2,Team1,Bio-banding,11v11,,,,Attacking,Attacking,0,Drawing,0,0,Attacking->Attacking
01:17.3,Team2,1,Successful,Low,Pass,-30.09,-5.4,-36.09,-11.24,BB3_Team2-Team1,BB3,Team2,Team1,Bio-banding,11v11,0.010165490000000001,0.00977745,-0.00038804000000000095,Defensive,Defensive,0,Drawing,1,0,Defensive->Defensive
01:22.1,Team2,1,Unsuccessful,Low,Pass,-30.59,-5.74,-41.09,0.43,BB3_Team2-Team1,BB3,Team2,Team1,Bio-banding,11v11,,,,Defensive,Defensive,0,Drawing,0,0,Defensive->Defensive
01:26.9,Team2,1,Successful,Low,Pass,-41.26,1.18,-27.51,11.93,BB3_Team2-Team1,BB3,Team2,Team1,Bio-banding,11v11,0.01082722,0.01001304,-0.0008141799999999994,Defensive,Defensive,0,Drawing,1,0,Defensive->Defensive
01:29.5,Team2,1,Successful,Low,Pass,-27.09,11.1,-43.43,9.51,BB3_Team2-Team1,BB3,Team2,Team1,Bio-banding,11v11,0.01001304,0.00977745,-0.0002355900000000008,Defensive,Defensive,0,Drawing,1,0,Defensive->Defensive
01:33.1,Team2,1,Successful,Low,Pass,-43.01,8.85,-23.59,1.76,BB3_Team2-Team1,BB3,Team2,Team1,Bio-banding,11v11,0.00977745,0.01132376,0.0015463100000000004,Defensive,Defensive,0,Drawing,1,1,Defensive->Defensive
01:35.8,Opponent,1,Successful,Low,Shot,-34.18,8.94,-51.34,0.94,BB3_Team2-Team1,BB3,Team2,Team1,Bio-banding,11v11,0.01001304,0.00941056,-0.0006024800000000007,Defensive,Defensive,0,Drawing,1,0,Defensive->Defensive
01:38.6,Team2,1,Successful,Low,Pass,-9.34,0.36,-23.01,8.02,BB3_Team2-Team1,BB3,Team2,Team1,Bio-banding,11v11,0.01262646,0.01132376,-0.0013027000000000004,Middle,Defensive,-1,Trailing,1,0,Middle->Defensive
01:44.1,Team2,1,Successful,Low,Pass,-23.59,8.36,-0.18,9.19,BB3_Team2-Team1,BB3,Team2,Team1,Bio-banding,11v11,0.01132376,0.01429128,0.0029675199999999995,Defensive,Middle,-1,Trailing,1,1,Defensive->Middle
02:19.0,Team2,1,Successful,Low,Pass,0.24,9.19,21.82,22.19,BB3_Team2-Team1,BB3,Team2,Team1,Bio-banding,11v11,0.01685596,0.024015210000000002,0.007159250000000002,Middle,Attacking,-1,Trailing,1,1,Middle->Attacking
02:20.6,Team2,1,Successful,Low,Pass,22.57,22.11,29.49,9.69,BB3_Team2-Team1,BB3,Team2,Team1,Bio-banding,11v11,0.024015210000000002,0.02855202,0.004536809999999999,Attacking,Attacking,-1,Trailing,1,1,Attacking->Attacking
02:22.1,Team2,2,Successful,Low,Pass,35.16,21.52,41.07,13.27,BB3_Team2-Team1,BB3,Team2,Team1,Bio-banding,11v11,0.04066992,0.05491138,0.014241460000000004,Attacking,Attacking,-1,Trailing,1,1,Attacking->Attacking
02:27.7,Team2,2,Unsuccessful,Low,Pass,-8.59,21.21,5.66,32.21,BB3_Team2-Team1,BB3,Team2,Team1,Bio-banding,11v11,,,,Middle,Middle,-1,Trailing,0,0,Middle->Middle
19:20.9,Team2,2,Successful,Low,Pass,17.49,-12.9,36.49,-17.73,BB3_Team2-Team1,BB3,Team2,Team1,Bio-banding,11v11,0.01935132,0.04066992,0.021318599999999997,Middle,Attacking,-1,Trailing,1,1,Middle->Attacking
19:23.6,Team2,2,Successful,Low,Shot,40.16,-8.66,50.49,-1.49,BB3_Team2-Team1,BB3,Team2,Team1,Bio-banding,11v11,0.05491138,0.25745362,0.20254223999999998,Attacking,Attacking,-1,Trailing,1,1,Attacking->Attacking
19:26.4,Team2,2,Unsuccessful,High,Shot,41.99,-9.74,50.41,2.84,BB3_Team2-Team1,BB3,Team2,Team1,Bio-banding,11v11,,,,Attacking,Attacking,0,Drawing,0,0,Attacking->Attacking
19:31.1,Team2,2,Successful,Low,Pass,-18.68,-18.75,7.49,-24.25,BB3_Team2-Team1,BB3,Team2,Team1,Bio-banding,11v11,0.010594899999999999,0.01611813,0.005523230000000002,Defensive,Middle,0,Drawing,1,1,Defensive->Middle
19:33.5,Team2,2,Successful,Low,Pass,-19.51,-12.58,8.41,-4.25,BB3_Team2-Team1,BB3,Team2,Team1,Bio-banding,11v11,0.01110462,0.01689528,0.005790659999999998,Defensive,Middle,0,Drawing,1,1,Defensive->Middle
19:40.7,Team2,2,Successful,Low,Pass,8.49,-4.0,-6.59,1.42,BB3_Team2-Team1,BB3,Team2,Team1,Bio-banding,11v11,0.01689528,0.01484598,-0.0020492999999999987,Middle,Middle,0,Drawing,1,0,Middle->Middle
19:43.9,Team2,2,Successful,Low,Pass,-7.01,1.58,-9.59,17.42,BB3_Team2-Team1,BB3,Team2,Team1,Bio-banding,11v11,0.01484598,0.01214719,-0.0026987899999999995,Middle,Middle,0,Drawing,1,0,Middle->Middle
19:46.1,Team2,2,Successful,High,Pass,-9.26,17.77,-20.76,2.68,BB3_Team2-Team1,BB3,Team2,Team1,Bio-banding,11v11,0.01214719,0.01132376,-0.00082343,Middle,Defensive,0,Drawing,1,0,Middle->Defensive
19:48.2,Team2,2,Successful,Low,Pass,-20.76,2.35,-20.01,-23.48,BB3_Team2-Team1,BB3,Team2,Team1,Bio-banding,11v11,0.01132376,0.010594899999999999,-0.0007288600000000013,Defensive,Defensive,0,Drawing,1,0,Defensive->Defensive
19:54.5,Team2,2,Successful,Low,Pass,-20.01,-23.33,-37.59,-26.67,BB3_Team2-Team1,BB3,Team2,Team1,Bio-banding,11v11,0.010594899999999999,0.00779616,-0.002798739999999999,Defensive,Defensive,0,Drawing,1,0,Defensive->Defensive
19:55.0,Team2,2,Unsuccessful,Low,Pass,-38.18,-26.76,-41.51,-1.59,BB3_Team2-Team1,BB3,Team2,Team1,Bio-banding,11v11,,,,Defensive,Defensive,0,Drawing,0,0,Defensive->Defensive
19:58.1,Team2,2,Unsuccessful,Low,Pass,-41.26,0.01,19.07,-20.41,BB3_Team2-Team1,BB3,Team2,Team1,Bio-banding,11v11,,,,Defensive,Attacking,0,Drawing,0,0,Defensive->Attacking
02:01.3,Team1,1,Successful,Low,Pass,-4.09,5.69,-13.37,16.67,U13_Team1-Team3(1),U13,Team1,Team3,Chronological-age,7v7,0.01484598,0.010594899999999999,-0.004251080000000001,Middle,Defensive,0,Drawing,1,0,Middle->Defensive
02:07.4,Team1,1,Unsuccessful,Low,Pass,-13.7,16.67,-1.94,18.89,U13_Team1-Team3(1),U13,Team1,Team3,Chronological-age,7v7,,,,Defensive,Middle,0,Drawing,0,0,Defensive->Middle
02:17.6,Team1,1,Successful,Low,Pass,-2.33,18.89,-13.18,21.38,U13_Team1-Team3(1),U13,Team1,Team3,Chronological-age,7v7,0.013845399999999999,0.00977659,-0.004068809999999999,Middle,Defensive,0,Drawing,1,0,Middle->Defensive
03:27.0,Team1,1,Successful,Low,Pass,-13.24,21.38,-23.44,12.23,U13_Team1-Team3(1),U13,Team1,Team3,Chronological-age,7v7,0.00977659,0.00977745,8.600000000000968e-07,Defensive,Defensive,0,Drawing,1,1,Defensive->Defensive
03:45.5,Team1,1,Successful,Low,Pass,-23.64,12.23,-12.79,5.36,U13_Team1-Team3(1),U13,Team1,Team3,Chronological-age,7v7,0.00977745,0.01132376,0.0015463100000000004,Defensive,Defensive,0,Drawing,1,1,Defensive->Defensive
04:14.1,Team1,1,Successful,Low,Pass,-22.2,-0.39,-9.98,-3.26,U13_Team1-Team3(1),U13,Team1,Team3,Chronological-age,7v7,0.010165490000000001,0.01262646,0.00246097,Defensive,Middle,0,Drawing,1,1,Defensive->Middle
04:39.6,Team1,1,Successful,Low,Pass,-14.48,-16.76,1.99,-3.82,U13_Team1-Team3(1),U13,Team1,Team3,Chronological-age,7v7,0.010594899999999999,0.01689528,0.0063003799999999995,Defensive,Middle,0,Drawing,1,1,Defensive->Middle
04:42.7,Team1,1,Unsuccessful,Low,Pass,2.18,-4.08,0.09,9.58,U13_Team1-Team3(1),U13,Team1,Team3,Chronological-age,7v7,,,,Middle,Middle,0,Drawing,0,0,Middle->Middle
04:55.7,Team1,1,Unsuccessful,Low,Pass,-14.68,-17.15,-0.11,-25.78,U13_Team1-Team3(1),U13,Team1,Team3,Chronological-age,7v7,,,,Defensive,Middle,0,Drawing,0,0,Defensive->Middle
05:11.2,Team1,1,Successful,Low,Pass,-0.11,-25.78,-4.68,-18.85,U13_Team1-Team3(1),U13,Team1,Team3,Chronological-age,7v7,0.01248344,0.013845399999999999,0.0013619599999999989,Middle,Middle,0,Drawing,1,1,Middle->Middle
05:17.0,Team1,1,Successful,Low,Pass,-4.68,-18.0,12.7,-11.79,U13_Team1-Team3(1),U13,Team1,Team3,Chronological-age,7v7,0.013845399999999999,0.0241224,0.010277,Middle,Attacking,0,Drawing,1,1,Middle->Attacking
05:19.7,Team1,1,Successful,Low,Pass,15.78,-9.44,25.52,-23.62,U13_Team1-Team3(1),U13,Team1,Team3,Chronological-age,7v7,0.0241224,0.03485072,0.010728320000000003,Attacking,Attacking,0,Drawing,1,1,Attacking->Attacking
05:55.3,Team1,1,Successful,Low,Pass,25.71,-23.88,28.52,-6.3,U13_Team1-Team3(1),U13,Team1,Team3,Chronological-age,7v7,0.03485072,0.10805102,0.0732003,Attacking,Attacking,0,Drawing,1,1,Attacking->Attacking
05:57.9,Team1,1,Successful,Low,Shot,26.04,10.18,33.68,0.25,U13_Team1-Team3(1),U13,Team1,Team3,Chronological-age,7v7,0.05491138,0.25745362,0.20254223999999998,Attacking,Attacking,0,Drawing,1,1,Attacking->Attacking
05:58.7,Team1,1,Successful,Low,Pass,-2.46,12.8,10.55,20.12,U13_Team1-Team3(1),U13,Team1,Team3,Chronological-age,7v7,0.01429128,0.01870347,0.00441219,Middle,Middle,1,Leading,1,1,Middle->Middle
22:46.6,Team1,2,Unsuccessful,Low,Shot,28.46,-6.55,33.62,-3.68,U13_Team1-Team3(1),U13,Team1,Team3,Chronological-age,7v7,,,,Attacking,Attacking,1,Leading,0,0,Attacking->Attacking
22:46.6,Opponent,2,Successful,Low,Shot,-28.21,-10.4,-33.9,-0.4,U13_Team1-Team3(1),U13,Team1,Team3,Chronological-age,7v7,0.00977745,0.00941056,-0.0003668899999999999,Defensive,Defensive,1,Leading,1,0,Defensive->Defensive
22:49.7,Team1,2,Unsuccessful,Low,Pass,10.74,20.65,17.28,26.73,U13_Team1-Team3(1),U13,Team1,Team3,Chronological-age,7v7,,,,Middle,Attacking,0,Drawing,0,0,Middle->Attacking
22:49.7,Team1,2,Successful,Low,Pass,-29.45,-13.23,-34.09,-20.16,U13_Team1-Team3(1),U13,Team1,Team3,Chronological-age,7v7,0.0088799,0.00750072,-0.0013791799999999998,Defensive,Defensive,0,Drawing,1,0,Defensive->Defensive
22:59.3,Team1,2,Successful,Low,Pass,-9.19,-10.41,-23.37,-3.48,U13_Team1-Team3(1),U13,Team1,Team3,Chronological-age,7v7,0.01269174,0.01082722,-0.0018645199999999997,Middle,Defensive,0,Drawing,1,0,Middle->Defensive
22:59.3,Team1,2,Successful,High,Pass,-34.03,-20.23,-10.11,-25.91,U13_Team1-Team3(1),U13,Team1,Team3,Chronological-age,7v7,0.00750072,0.01126267,0.003761950000000001,Defensive,Middle,0,Drawing,1,1,Defensive->Middle
23:32.3,Team1,2,Successful,Low,Pass,-23.37,-3.48,-12.26,5.47,U13_Team1-Team3(1),U13,Team1,Team3,Chronological-age,7v7,0.01082722,0.01132376,0.0004965400000000002,Defensive,Defensive,0,Drawing,1,1,Defensive->Defensive
23:32.3,Team1,2,Successful,Low,Pass,-27.36,15.61,-25.4,24.5,U13_Team1-Team3(1),U13,Team1,Team3,Chronological-age,7v7,0.00878589,0.00779616,-0.0009897299999999994,Defensive,Defensive,0,Drawing,1,0,Defensive->Defensive
23:37.1,Team1,2,Successful,High,Pass,-12.46,5.21,4.21,-4.07,U13_Team1-Team3(1),U13,Team1,Team3,Chronological-age,7v7,0.01132376,0.01689528,0.005571519999999998,Defensive,Middle,0,Drawing,1,1,Defensive->Middle
23:37.1,Team1,2,Successful,Low,Pass,7.74,15.47,22.7,6.65,U13_Team1-Team3(1),U13,Team1,Team3,Chronological-age,7v7,0.01870347,0.03511326,0.01640979,Middle,Attacking,0,Drawing,1,1,Middle->Attacking
23:41.4,Team1,2,Successful,Low,Pass,4.67,-4.33,6.63,7.17,U13_Team1-Team3(1),U13,Team1,Team3,Chronological-age,7v7,0.01689528,0.01935132,0.002456040000000003,Middle,Middle,0,Drawing,1,1,Middle->Middle
23:41.4,Team1,2,Successful,Low,Pass,11.72,-24.02,28.91,-24.02,U13_Team1-Team3(1),U13,Team1,Team3,Chronological-age,7v7,0.02122129,0.03485072,0.013629430000000001,Attacking,Attacking,0,Drawing,1,1,Attacking->Attacking
23:42.6,Team1,2,Successful,Low,Pass,-19.13,-22.39,2.12,-21.93,U13_Team1-Team3(1),U13,Team1,Team3,Chronological-age,7v7,0.008448540000000001,0.014735960000000001,0.00628742,Defensive,Middle,0,Drawing,1,1,Defensive->Middle
23:42.6,Team1,2,Unsuccessful,Low,Pass,-14.75,9.53,-24.03,0.51,U13_Team1-Team3(1),U13,Team1,Team3,Chronological-age,7v7,,,,Defensive,Defensive,0,Drawing,0,0,Defensive->Defensive
04:40.8,Team1,1,Unsuccessful,Low,Pass,-7.1,21.57,10.42,20.85,U13_Team1-Team3(2),U13,Team1,Team3,Chronological-age,7v7,,,,Middle,Middle,0,Drawing,0,0,Middle->Middle
04:49.2,Team1,1,Successful,Low,Pass,-12.98,9.61,9.04,14.32,U13_Team1-Team3(2),U13,Team1,Team3,Chronological-age,7v7,0.01110462,0.01870347,0.007598849999999999,Defensive,Middle,0,Drawing,1,1,Defensive->Middle
04:56.0,Team1,1,Successful,Low,Pass,3.1,11.31,-14.22,1.96,U13_Team1-Team3(2),U13,Team1,Team3,Chronological-age,7v7,0.01685596,0.01132376,-0.005532199999999999,Middle,Defensive,0,Drawing,1,0,Middle->Defensive
06:00.6,Team1,1,Successful,Low,Pass,-12.92,3.66,-2.2,-11.17,U13_Team1-Team3(2),U13,Team1,Team3,Chronological-age,7v7,0.01132376,0.01429128,0.0029675199999999995,Defensive,Middle,0,Drawing,1,1,Defensive->Middle
06:07.8,Team1,1,Unsuccessful,Low,Pass,5.25,-15.23,19.57,-8.56,U13_Team1-Team3(2),U13,Team1,Team3,Chronological-age,7v7,,,,Middle,Attacking,0,Drawing,0,0,Middle->Attacking
06:16.0,Team1,1,Successful,Low,Pass,0.61,1.7,22.31,7.65,U13_Team1-Team3(2),U13,Team1,Team3,Chronological-age,7v7,0.01689528,0.02855202,0.011656740000000002,Middle,Attacking,0,Drawing,1,1,Middle->Attacking
06:18.5,Team1,1,Successful,Low,Pass,14.8,0.4,13.16,14.84,U13_Team1-Team3(2),U13,Team1,Team3,Chronological-age,7v7,0.02385149,0.024015210000000002,0.0001637200000000026,Attacking,Attacking,0,Drawing,1,1,Attacking->Attacking
06:21.7,Team1,1,Successful,Low,Pass,13.16,14.45,19.18,20.85,U13_Team1-Team3(2),U13,Team1,Team3,Chronological-age,7v7,0.024015210000000002,0.029532720000000002,0.00551751,Attacking,Attacking,0,Drawing,1,1,Attacking->Attacking
10:37.6,Team1,1,Successful,Low,Pass,19.83,20.98,30.68,9.55,U13_Team1-Team3(2),U13,Team1,Team3,Chronological-age,7v7,0.029532720000000002,0.06442595,0.03489323,Attacking,Attacking,0,Drawing,1,1,Attacking->Attacking
10:43.7,Team1,1,Unsuccessful,Low,Shot,31.27,8.89,33.75,0.92,U13_Team1-Team3(2),U13,Team1,Team3,Chronological-age,7v7,,,,Attacking,Attacking,0,Drawing,0,0,Attacking->Attacking
10:46.5,Team1,1,Successful,Low,Pass,-24.75,10.92,-18.15,24.38,U13_Team1-Team3(2),U13,Team1,Team3,Chronological-age,7v7,0.00977745,0.008448540000000001,-0.0013289099999999991,Defensive,Defensive,0,Drawing,1,0,Defensive->Defensive
10:52.8,Team1,1,Successful,Low,Pass,-18.15,24.38,-4.75,26.87,U13_Team1-Team3(2),U13,Team1,Team3,Chronological-age,7v7,0.008448540000000001,0.01248344,0.004034899999999999,Defensive,Middle,0,Drawing,1,1,Defensive->Middle
11:13.5,Team1,1,Successful,Low,Pass,-4.75,26.87,-9.06,22.36,U13_Team1-Team3(2),U13,Team1,Team3,Chronological-age,7v7,0.01248344,0.01126267,-0.0012207699999999995,Middle,Middle,0,Drawing,1,0,Middle->Middle
11:16.3,Team1,1,Successful,Low,Pass,-8.67,21.9,-15.79,15.62,U13_Team1-Team3(2),U13,Team1,Team3,Chronological-age,7v7,0.01126267,0.010594899999999999,-0.0006677700000000016,Middle,Defensive,0,Drawing,1,0,Middle->Defensive
11:18.5,Team1,1,Successful,Low,Pass,-15.79,15.62,-7.56,12.55,U13_Team1-Team3(2),U13,Team1,Team3,Chronological-age,7v7,0.010594899999999999,0.01269174,0.002096840000000001,Defensive,Middle,0,Drawing,1,1,Defensive->Middle
20:27.3,Team1,2,Successful,Low,Pass,-7.56,13.01,-0.11,-0.85,U13_Team1-Team3(2),U13,Team1,Team3,Chronological-age,7v7,0.01269174,0.01484598,0.00215424,Middle,Middle,0,Drawing,1,1,Middle->Middle
20:31.4,Team1,2,Successful,Low,Pass,-0.11,-0.85,11.72,0.13,U13_Team1-Team3(2),U13,Team1,Team3,Chronological-age,7v7,0.01484598,0.02385149,0.00900551,Middle,Attacking,0,Drawing,1,1,Middle->Attacking
21:10.6,Team1,2,Unsuccessful,Low,Shot,26.43,-5.43,32.77,-1.32,U13_Team1-Team3(2),U13,Team1,Team3,Chronological-age,7v7,,,,Attacking,Attacking,0,Drawing,0,0,Attacking->Attacking
21:30.3,Team1,2,Unsuccessful,Low,Pass,-6.51,0.96,-12.85,8.67,U13_Team1-Team3(2),U13,Team1,Team3,Chronological-age,7v7,,,,Middle,Defensive,0,Drawing,0,0,Middle->Defensive
21:34.1,Team1,2,Successful,High,Pass,-12.85,8.67,-24.62,-0.02,U13_Team1-Team3(2),U13,Team1,Team3,Chronological-age,7v7,0.01110462,0.01082722,-0.00027740000000000056,Defensive,Defensive,0,Drawing,1,0,Defensive->Defensive
21:37.2,Team1,2,Successful,Low,Pass,-24.62,-0.02,-14.68,-4.79,U13_Team1-Team3(2),U13,Team1,Team3,Chronological-age,7v7,0.01082722,0.01132376,0.0004965400000000002,Defensive,Defensive,0,Drawing,1,1,Defensive->Defensive
21:40.3,Team1,2,Successful,Low,Pass,-14.68,-4.73,-22.52,-6.04,U13_Team1-Team3(2),U13,Team1,Team3,Chronological-age,7v7,0.01132376,0.010165490000000001,-0.0011582699999999994,Defensive,Defensive,0,Drawing,1,0,Defensive->Defensive
21:41.3,Team1,2,Successful,Low,Pass,-22.52,-6.49,-22.92,-22.31,U13_Team1-Team3(2),U13,Team1,Team3,Chronological-age,7v7,0.010165490000000001,0.008448540000000001,-0.00171695,Defensive,Defensive,0,Drawing,1,0,Defensive->Defensive
21:52.2,Team1,2,Successful,Low,Pass,-22.92,-23.55,3.88,-19.57,U13_Team1-Team3(2),U13,Team1,Team3,Chronological-age,7v7,0.008448540000000001,0.01611813,0.0076695900000000004,Defensive,Middle,0,Drawing,1,1,Defensive->Middle
31:06.1,Opponent,2,Successful,High,Shot,-27.3,10.17,-33.5,0.37,U13_Team1-Team3(2),U13,Team1,Team3,Chronological-age,7v7,0.00977745,0.00941056,-0.0003668899999999999,Defensive,Defensive,0,Drawing,1,0,Defensive->Defensive
31:19.8,Team1,2,Successful,Low,Pass,-17.82,7.83,-14.62,23.46,U13_Team1-Team3(2),U13,Team1,Team3,Chronological-age,7v7,0.01001304,0.00977659,-0.0002364500000000009,Defensive,Defensive,-1,Trailing,1,0,Defensive->Defensive
31:23.4,Team1,2,Unsuccessful,Low,Pass,-14.62,23.46,-1.28,27.18,U13_Team1-Team3(2),U13,Team1,Team3,Chronological-age,7v7,,,,Defensive,Middle,-1,Trailing,0,0,Defensive->Middle
31:26.2,Team1,2,Successful,Low,Pass,-21.74,-7.47,-5.27,-14.93,U13_Team1-Team3(2),U13,Team1,Team3,Chronological-age,7v7,0.01001304,0.013845399999999999,0.003832359999999998,Defensive,Middle,-1,Trailing,1,1,Defensive->Middle
32:09.7,Team1,2,Successful,Low,Pass,-4.03,-11.27,13.62,-24.08,U13_Team1-Team3(2),U13,Team1,Team3,Chronological-age,7v7,0.01429128,0.02122129,0.00693001,Middle,Attacking,-1,Trailing,1,1,Middle->Attacking
00:21.3,Team1,1,Successful,Low,Pass,-35.18,11.61,-42.01,0.11,U14_Team1-Team2,U14,Team1,Team2,Chronological-age,11v11,0.00977745,0.01082722,0.0010497700000000002,Defensive,Defensive,0,Drawing,1,1,Defensive->Defensive
00:24.7,Team1,1,Unsuccessful,Low,Pass,-41.59,0.19,-25.34,8.86,U14_Team1-Team2,U14,Team1,Team2,Chronological-age,11v11,,,,Defensive,Defensive,0,Drawing,0,0,Defensive->Defensive
00:32.3,Team1,1,Successful,Low,Pass,-25.34,8.86,-27.01,-14.06,U14_Team1-Team2,U14,Team1,Team2,Chronological-age,11v11,0.01110462,0.01001304,-0.00109158,Defensive,Defensive,0,Drawing,1,0,Defensive->Defensive
00:44.6,Team1,1,Successful,Low,Pass,-26.93,-13.98,-40.76,-0.31,U14_Team1-Team2,U14,Team1,Team2,Chronological-age,11v11,0.01001304,0.01082722,0.0008141799999999994,Defensive,Defensive,0,Drawing,1,1,Defensive->Defensive
00:53.1,Team1,1,Successful,Low,Pass,-40.76,-0.31,-18.26,0.86,U14_Team1-Team2,U14,Team1,Team2,Chronological-age,11v11,0.01082722,0.01132376,0.0004965400000000002,Defensive,Defensive,0,Drawing,1,1,Defensive->Defensive
00:55.5,Team1,1,Unsuccessful,Low,Pass,-18.68,-3.48,-5.93,-19.56,U14_Team1-Team2,U14,Team1,Team2,Chronological-age,11v11,,,,Defensive,Middle,0,Drawing,0,0,Defensive->Middle
01:01.5,Team1,1,Unsuccessful,Low,Pass,-10.93,1.11,11.07,1.36,U14_Team1-Team2,U14,Team1,Team2,Chronological-age,11v11,,,,Middle,Middle,0,Drawing,0,0,Middle->Middle
01:45.5,Team1,1,Successful,Low,Pass,-7.93,8.44,4.32,19.44,U14_Team1-Team2,U14,Team1,Team2,Chronological-age,11v11,0.01484598,0.01611813,0.0012721500000000014,Middle,Middle,0,Drawing,1,1,Middle->Middle
01:49.5,Team1,1,Successful,Low,Pass,4.32,19.44,0.07,9.27,U14_Team1-Team2,U14,Team1,Team2,Chronological-age,11v11,0.01611813,0.01685596,0.0007378299999999983,Middle,Middle,0,Drawing,1,1,Middle->Middle
01:49.5,Team1,1,Successful,High,Pass,-0.09,9.27,-5.84,27.44,U14_Team1-Team2,U14,Team1,Team2,Chronological-age,11v11,0.01429128,0.01248344,-0.0018078399999999998,Middle,Middle,0,Drawing,1,0,Middle->Middle
10:46.5,Team1,1,Successful,Low,Pass,-6.18,27.61,21.07,31.19,U14_Team1-Team2,U14,Team1,Team2,Chronological-age,11v11,0.01248344,0.02122129,0.00873785,Middle,Attacking,0,Drawing,1,1,Middle->Attacking
10:52.8,Team1,1,Successful,Low,Pass,16.49,9.94,26.57,-12.23,U14_Team1-Team2,U14,Team1,Team2,Chronological-age,11v11,0.01935132,0.02855202,0.0092007,Middle,Attacking,0,Drawing,1,1,Middle->Attacking
11:13.5,Team1,1,Successful,Low,Pass,7.82,-21.73,33.91,1.11,U14_Team1-Team2,U14,Team1,Team2,Chronological-age,11v11,0.01611813,0.03511326,0.01899513,Middle,Attacking,0,Drawing,1,1,Middle->Attacking
11:16.3,Team1,1,Successful,Low,Pass,33.74,1.61,33.49,21.94,U14_Team1-Team2,U14,Team1,Team2,Chronological-age,11v11,0.03511326,0.029532720000000002,-0.005580539999999998,Attacking,Attacking,0,Drawing,1,0,Attacking->Attacking
11:18.5,Opponent,1,Successful,Low,Shot,-29.01,8.38,-50.34,0.13,U14_Team1-Team2,U14,Team1,Team2,Chronological-age,11v11,0.010165490000000001,0.00941056,-0.0007549300000000009,Defensive,Defensive,0,Drawing,1,0,Defensive->Defensive
16:25.3,Team1,2,Successful,High,Pass,-38.84,-27.39,-16.59,-25.89,U14_Team1-Team2,U14,Team1,Team2,Chronological-age,11v11,0.00779616,0.01126267,0.0034665100000000008,Defensive,Middle,-1,Trailing,1,1,Defensive->Middle
16:32.9,Team1,2,Successful,Low,Pass,-15.76,-20.39,8.57,-10.64,U14_Team1-Team2,U14,Team1,Team2,Chronological-age,11v11,0.01214719,0.01685596,0.004708769999999999,Middle,Middle,-1,Trailing,1,1,Middle->Middle
16:33.8,Team1,2,Unsuccessful,Low,Pass,-28.18,10.11,-34.93,29.61,U14_Team1-Team2,U14,Team1,Team2,Chronological-age,11v11,,,,Defensive,Defensive,-1,Trailing,0,0,Defensive->Defensive
21:30.3,Team1,2,Successful,Low,Pass,-34.84,29.94,-19.43,14.44,U14_Team1-Team2,U14,Team1,Team2,Chronological-age,11v11,0.008448540000000001,0.01110462,0.00265608,Defensive,Defensive,-1,Trailing,1,1,Defensive->Defensive
21:34.1,Team1,2,Successful,Low,Pass,-19.01,13.77,-40.51,-0.14,U14_Team1-Team2,U14,Team1,Team2,Chronological-age,11v11,0.01110462,0.01082722,-0.00027740000000000056,Defensive,Defensive,-1,Trailing,1,0,Defensive->Defensive
21:37.2,Team1,2,Successful,Low,Pass,-5.09,-28.94,31.41,-28.02,U14_Team1-Team2,U14,Team1,Team2,Chronological-age,11v11,0.01248344,0.02756312,0.01507968,Middle,Attacking,-1,Trailing,1,1,Middle->Attacking
25:21.1,Team1,2,Successful,Low,Pass,37.74,-33.36,47.74,-15.61,U14_Team1-Team2,U14,Team1,Team2,Chronological-age,11v11,0.03485072,0.06442595,0.029575229999999994,Attacking,Attacking,-1,Trailing,1,1,Attacking->Attacking
25:27.4,Team1,2,Unsuccessful,Low,Pass,46.91,-15.17,38.32,-3.34,U14_Team1-Team2,U14,Team1,Team2,Chronological-age,11v11,,,,Attacking,Attacking,-1,Trailing,0,0,Attacking->Attacking
25:37.0,Team1,2,Unsuccessful,Low,Shot,42.99,16.08,49.82,1.41,U14_Team1-Team2,U14,Team1,Team2,Chronological-age,11v11,,,,Attacking,Attacking,-1,Trailing,0,0,Attacking->Attacking
25:39.1,Team1,2,Successful,Low,Pass,-8.84,1.24,-19.43,16.74,U14_Team1-Team2,U14,Team1,Team2,Chronological-age,11v11,0.01262646,0.01110462,-0.00152184,Middle,Defensive,-1,Trailing,1,0,Middle->Defensive
25:48.4,Team1,2,Successful,Low,Pass,-40.76,-0.18,-40.51,-21.6,U14_Team1-Team2,U14,Team1,Team2,Chronological-age,11v11,0.01082722,0.00878589,-0.002041330000000001,Defensive,Defensive,-1,Trailing,1,0,Defensive->Defensive
25:50.4,Team1,2,Successful,Low,Pass,-39.59,-21.43,-42.43,-1.85,U14_Team1-Team2,U14,Team1,Team2,Chronological-age,11v11,0.00878589,0.01082722,0.002041330000000001,Defensive,Defensive,-1,Trailing,1,1,Defensive->Defensive
31:26.2,Team1,2,Successful,Low,Pass,-40.09,0.5,20.99,25.33,U14_Team1-Team2,U14,Team1,Team2,Chronological-age,11v11,0.01082722,0.024015210000000002,0.013187990000000002,Defensive,Attacking,-1,Trailing,1,1,Defensive->Attacking
32:09.7,Team1,2,Successful,Low,Pass,-29.09,-15.69,-42.59,-6.69,U14_Team1-Team2,U14,Team1,Team2,Chronological-age,11v11,0.01001304,0.01082722,0.0008141799999999994,Defensive,Defensive,-1,Trailing,1,1,Defensive->Defensive
14:32.7,Team1,1,Successful,Low,Pass,-29.26,18.36,-21.59,27.77,U15_Team2-Team3,U15,Team2,Team3,Chronological-age,11v11,0.00942382,0.00977659,0.0003527700000000005,Defensive,Defensive,0,Drawing,1,1,Defensive->Defensive
14:36.0,Team1,1,Successful,Low,Pass,-20.34,27.94,-41.09,9.69,U15_Team2-Team3,U15,Team2,Team3,Chronological-age,11v11,0.00977659,0.00977745,8.600000000000968e-07,Defensive,Defensive,0,Drawing,1,1,Defensive->Defensive
14:41.4,Team1,1,Unsuccessful,Low,Pass,-41.51,8.27,-33.51,-2.06,U15_Team2-Team3,U15,Team2,Team3,Chronological-age,11v11,,,,Defensive,Defensive,0,Drawing,0,0,Defensive->Defensive
14:44.0,Team1,1,Unsuccessful,Low,Pass,-28.34,-12.23,-23.68,3.61,U15_Team2-Team3,U15,Team2,Team3,Chronological-age,11v11,,,,Defensive,Defensive,0,Drawing,0,0,Defensive->Defensive
14:46.0,Team1,1,Successful,Low,Pass,-21.51,14.69,6.49,18.02,U15_Team2-Team3,U15,Team2,Team3,Chronological-age,11v11,0.01110462,0.01611813,0.0050135100000000005,Defensive,Middle,0,Drawing,1,1,Defensive->Middle
14:47.9,Team1,1,Successful,Low,Pass,-12.93,9.77,-8.18,-8.06,U15_Team2-Team3,U15,Team2,Team3,Chronological-age,11v11,0.01269174,0.01484598,0.00215424,Middle,Middle,0,Drawing,1,1,Middle->Middle
14:48.8,Team1,1,Successful,Low,Pass,-5.76,-23.14,-7.34,17.36,U15_Team2-Team3,U15,Team2,Team3,Chronological-age,11v11,0.013845399999999999,0.013845399999999999,0.0,Middle,Middle,0,Drawing,1,0,Middle->Middle
14:52.2,Team1,1,Successful,Low,Pass,-6.43,18.52,7.41,4.27,U15_Team2-Team3,U15,Team2,Team3,Chronological-age,11v11,0.013845399999999999,0.01689528,0.0030498799999999996,Middle,Middle,0,Drawing,1,1,Middle->Middle
15:01.4,Team1,1,Successful,Low,Pass,6.57,4.36,30.16,19.77,U15_Team2-Team3,U15,Team2,Team3,Chronological-age,11v11,0.01689528,0.029532720000000002,0.012637440000000003,Middle,Attacking,0,Drawing,1,1,Middle->Attacking
15:04.2,Team1,1,Successful,Low,Pass,13.49,27.52,35.32,27.11,U15_Team2-Team3,U15,Team2,Team3,Chronological-age,11v11,0.0174506,0.03485072,0.01740012,Middle,Attacking,0,Drawing,1,1,Middle->Attacking
15:54.9,Team1,1,Successful,Low,Pass,38.07,18.02,12.57,26.36,U15_Team2-Team3,U15,Team2,Team3,Chronological-age,11v11,0.04066992,0.0174506,-0.023219319999999998,Attacking,Middle,0,Drawing,1,0,Attacking->Middle
15:58.3,Team1,1,Unsuccessful,Low,Pass,9.41,27.94,48.32,28.02,U15_Team2-Team3,U15,Team2,Team3,Chronological-age,11v11,,,,Middle,Attacking,0,Drawing,0,0,Middle->Attacking
15:59.0,Opponent,1,Successful,Low,Shot,-35.34,-22.01,-50.84,-0.93,U15_Team2-Team3,U15,Team2,Team3,Chronological-age,11v11,0.00878589,0.00941056,0.0006246700000000008,Defensive,Defensive,0,Drawing,1,1,Defensive->Defensive
16:00.6,Team1,1,Successful,Low,Pass,-20.09,-22.26,22.99,-13.76,U15_Team2-Team3,U15,Team2,Team3,Chronological-age,11v11,0.010594899999999999,0.0241224,0.0135275,Defensive,Attacking,-1,Trailing,1,1,Defensive->Attacking
16:01.7,Team1,1,Successful,Low,Pass,23.41,-13.51,24.66,-27.26,U15_Team2-Team3,U15,Team2,Team3,Chronological-age,11v11,0.0241224,0.02122129,-0.0029011099999999984,Attacking,Attacking,-1,Trailing,1,0,Attacking->Attacking
18:34.2,Team1,2,Successful,Low,Pass,33.74,-28.93,47.99,-23.26,U15_Team2-Team3,U15,Team2,Team3,Chronological-age,11v11,0.02756312,0.04647721,0.018914089999999998,Attacking,Attacking,-1,Trailing,1,1,Attacking->Attacking
18:45.3,Team1,2,Successful,Low,Pass,-40.84,-17.6,-47.51,-29.43,U15_Team2-Team3,U15,Team2,Team3,Chronological-age,11v11,0.00878589,0.0063830300000000005,-0.002402859999999999,Defensive,Defensive,-1,Trailing,1,0,Defensive->Defensive
18:47.9,Team1,2,Successful,Low,Pass,-44.43,-30.93,-24.26,-33.1,U15_Team2-Team3,U15,Team2,Team3,Chronological-age,11v11,0.0063830300000000005,0.00977659,0.0033935599999999995,Defensive,Defensive,-1,Trailing,1,1,Defensive->Defensive
19:28.8,Team1,2,Successful,Low,Pass,-24.09,-32.76,-33.01,-29.35,U15_Team2-Team3,U15,Team2,Team3,Chronological-age,11v11,0.00977659,0.008448540000000001,-0.001328049999999999,Defensive,Defensive,-1,Trailing,1,0,Defensive->Defensive
19:58.5,Team1,2,Successful,High,Pass,-32.09,-29.35,-21.43,-27.76,U15_Team2-Team3,U15,Team2,Team3,Chronological-age,11v11,0.008448540000000001,0.00977659,0.001328049999999999,Defensive,Defensive,-1,Trailing,1,1,Defensive->Defensive
20:37.3,Opponent,2,Successful,Low,Shot,-33.34,-3.18,-50.34,-1.35,U15_Team2-Team3,U15,Team2,Team3,Chronological-age,11v11,0.010165490000000001,0.00941056,-0.0007549300000000009,Defensive,Defensive,-1,Trailing,1,0,Defensive->Defensive
20:40.6,Team1,2,Successful,Low,Pass,-32.09,-17.76,-6.93,-29.01,U15_Team2-Team3,U15,Team2,Team3,Chronological-age,11v11,0.00942382,0.01248344,0.0030596200000000007,Defensive,Middle,-2,Trailing,1,1,Defensive->Middle
20:42.8,Team1,2,Successful,Low,Pass,-42.18,28.32,-17.43,9.32,U15_Team2-Team3,U15,Team2,Team3,Chronological-age,11v11,0.00779616,0.01269174,0.00489558,Defensive,Middle,-2,Trailing,1,1,Defensive->Middle
20:46.2,Team1,2,Unsuccessful,Low,Shot,32.99,11.83,51.57,1.91,U15_Team2-Team3,U15,Team2,Team3,Chronological-age,11v11,,,,Attacking,Attacking,-2,Trailing,0,0,Attacking->Attacking
21:27.4,Team1,2,Successful,High,Pass,9.41,-26.63,38.24,-28.71,U15_Team2-Team3,U15,Team2,Team3,Chronological-age,11v11,0.0174506,0.03485072,0.01740012,Middle,Attacking,-2,Trailing,1,1,Middle->Attacking
21:28.7,Team1,2,Successful,Low,Pass,7.32,-4.94,7.57,-24.44,U15_Team2-Team3,U15,Team2,Team3,Chronological-age,11v11,0.01689528,0.01611813,-0.0007771499999999973,Middle,Middle,-2,Trailing,1,0,Middle->Middle
21:31.8,Team1,2,Successful,Low,Pass,7.57,-24.44,24.91,-31.44,U15_Team2-Team3,U15,Team2,Team3,Chronological-age,11v11,0.01611813,0.02122129,0.005103159999999999,Middle,Attacking,-2,Trailing,1,1,Middle->Attacking
31:26.2,Team1,2,Unsuccessful,Low,Pass,1.49,-33.02,-13.34,-16.77,U15_Team2-Team3,U15,Team2,Team3,Chronological-age,11v11,,,,Middle,Middle,-2,Trailing,0,0,Middle->Middle
32:09.7,Team1,2,Successful,Low,Pass,-13.59,-16.61,-5.26,7.98,U15_Team2-Team3,U15,Team2,Team3,Chronological-age,11v11,0.01269174,0.01484598,0.00215424,Middle,Middle,-2,Trailing,1,1,Middle->Middle
